title,url
Python One Liners for Data Cleaning,https://amanxai.com/2025/09/20/python-one-liners-for-data-cleaning/
Top AI & ML Internships to Apply for in September,https://amanxai.com/2025/09/19/top-ai-ml-internships-to-apply-for-in-september/
Virtual Job Programs for Aspiring ML Engineers,https://amanxai.com/2025/09/18/virtual-job-programs-for-aspiring-ml-engineers/
Generative AI Project Ideas to Build this Weekend,https://amanxai.com/2025/09/17/generative-ai-project-ideas-to-build-this-weekend/
Building a Multi-Agent System using Gemini API,https://amanxai.com/2025/09/16/building-a-multi-agent-system-using-gemini-api/
Best GitHub Repositories to Master Generative AI,https://amanxai.com/2025/09/15/best-github-repositories-to-master-generative-ai/
AI & ML Projects to Become a Pro,https://amanxai.com/2025/09/14/ai-ml-projects-to-become-a-pro/
How to Turn ML Projects into a Case Study,https://amanxai.com/2025/09/13/how-to-turn-ml-projects-into-a-case-study/
Top Data Science Internships to Apply for in September,https://amanxai.com/2025/09/12/top-data-science-internships-to-apply-for-in-september/
How to Ace Machine Learning Interviews,https://amanxai.com/2025/09/11/how-to-ace-machine-learning-interviews/
